[
  {
    "filename": "asher_tallshelf1.jpg",
    "title": "Asher Tall Shelf",
    "type": "shelves",
    "description": "Frame: Black powder coated metal. Shelves: Engineered Wood with smooth oak melamine laminate",
    "price": 150
  },
  {
    "filename": "axel_seide_chair1.jpg",
    "title": "Axel Seide Chair",
    "type": "chair",
    "description": "fine craftsmanship of Axel’s Danish-inspired chair",
    "price": 100
  },
  {
    "filename": "bruno_diningtable1.jpg",
    "title": "Bruno Dining Table",
    "type": "table",
    "description": "Its modern vintage elements are suitable for individuals who appreciate sophistication and elegance furniture.",
    "price": 1040
  },
  {
    "filename": "clare_dinnerplateset1.jpg",
    "title": "Clare Dinner Plate Set",
    "type": "utensil",
    "description": "Crisp white oversized coupe shapes in durable porcelain go casual for everyday, or sophisticated for formal dinners.",
    "price": 54.8
  },
  {
    "filename": "dualtone_3seatersofa1.jpg",
    "title": "Dualtone 3 Seater Sofa",
    "type": "furniture",
    "description": "Perched on wooden legs, this sofa infuses durability with the comfort with its medium firm cushioning and high-quality fabric. ",
    "price": 399
  },
  {
    "filename": "emelie_tvconsole1.jpg",
    "title": "Emelie Tv Console",
    "type": "furniture",
    "description": "inspired by traditional Danish designs that aim to create the renown hygge (cosy) feeling in your home.",
    "price": 399
  },
  {
    "filename": "grasshoppa_floorlamp1.jpg",
    "title": "Grasshoppa Floor Lamp",
    "type": "Lamp",
    "description": "Versatile in function, Grasshoppa serves as a great floor lamp by your sofa or bed for your night reads.",
    "price": 149
  },
  {
    "filename": "isabella_floorlamp1.jpg",
    "title": "Isabella Floor Lamp",
    "type": "lamp",
    "description": "A timeless piece, the Isabella Floor Lamp is designed with a refined look in mind. With its slim metal lamp stand and neutral coloured lamp",
    "price": 179
  },
  {
    "filename": "linate_coffeetable1.jpg",
    "title": "Linate Coffee Table",
    "type": "table",
    "description": "The furniture is also designed to look as though it lightly ‘floats’ above the ground, while showcasing the precision and strength of its design as a sturdy, stable piece of furniture.",
    "price": 1279
  },
  {
    "filename": "reagan_bookshelf1.jpg",
    "title": "Reagan Book Shelf",
    "type": "shelves",
    "description": "the Reagan is crafted from solid Acacia wood and and is encased from top to bottom with sturdy brushed brass.",
    "price": 899
  }
]